capture	decode	messages	key_exchange	finish_rsp	secured	get_mel	get_csr	versions
healthcheck-pqc-20260811T052725Z/minimal.pcap	healthcheck-pqc-20260811T052725Z__minimal.decode.txt	1116	1	1	552	0	0	10 14
healthcheck-pqc-20260811T052725Z/pqc.pcap	healthcheck-pqc-20260811T052725Z__pqc.decode.txt	18	0	0	0	0	0	10 14
healthcheck-pqc-20260811T093921Z/minimal.pcap	beside	554	0	0	0	0	0	10 14
healthcheck-pqc-20260811T093921Z/pqc.pcap	beside	18	0	0	0	0	0	10 14
healthcheck-pqc-20260811T094034Z/minimal.pcap	beside	554	0	0	0	0	0	10 14
healthcheck-pqc-20260811T094034Z/pqc.pcap	beside	18	0	0	0	0	0	10 14
healthcheck-pqc-20260816T173729Z/minimal.pcap	beside	554	0	0	0	0	0	10 14
healthcheck-pqc-20260816T173729Z/pqc.pcap	beside	18	0	0	0	0	0	10 14
healthcheck-pqc-20260831T151018Z/minimal.pcap	beside	554	0	0	0	0	0	10 14
healthcheck-pqc-20260831T151018Z/pqc.pcap	beside	18	0	0	0	0	0	10 14
healthcheck-pqc-20260831T160104Z/minimal.pcap	beside	554	0	0	0	0	0	10 14
healthcheck-pqc-20260831T160104Z/pqc.pcap	beside	18	0	0	0	0	0	10 14
healthcheck-pqc-20260901T055544Z/minimal.pcap	beside	554	0	0	0	0	0	10 14
healthcheck-pqc-20260901T055544Z/pqc.pcap	beside	18	0	0	0	0	0	10 14
healthcheck-pqc-20260910T094934Z/minimal.pcap	beside	554	0	0	0	0	0	10 14
healthcheck-pqc-20260910T094934Z/pqc.pcap	beside	18	0	0	0	0	0	10 14
healthcheck-pqc-20260910T101052Z/minimal.pcap	beside	554	0	0	0	0	0	10 14
healthcheck-pqc-20260910T101052Z/pqc.pcap	beside	18	0	0	0	0	0	10 14
healthcheck-pqc-20260912T152733Z/minimal.pcap	beside	554	0	0	0	0	0	10 14
healthcheck-pqc-20260912T152733Z/pqc.pcap	beside	18	0	0	0	0	0	10 14
healthcheck-pqc-20260914T082021Z/minimal.pcap	beside	554	0	0	0	0	0	10 14
healthcheck-pqc-20260914T082021Z/pqc.pcap	beside	18	0	0	0	0	0	10 14
healthcheck-pqc-20260914T141056Z/minimal.pcap	beside	554	0	0	0	0	0	10 14
healthcheck-pqc-20260914T141056Z/pqc.pcap	beside	18	0	0	0	0	0	10 14
healthcheck-pqc-20260914T141321Z/minimal.pcap	beside	554	0	0	0	0	0	10 14
healthcheck-pqc-20260914T141321Z/pqc.pcap	beside	18	0	0	0	0	0	10 14
healthcheck-pqc-20260914T144913Z/minimal.pcap	beside	554	0	0	0	0	0	10 14
healthcheck-pqc-20260914T144913Z/pqc.pcap	beside	18	0	0	0	0	0	10 14
healthcheck-pqc-20260917T200908Z/minimal.pcap	beside	554	0	0	0	0	0	10 14
healthcheck-pqc-20260917T200908Z/pqc.pcap	beside	18	0	0	0	0	0	10 14
healthcheck-pqc-20260917T201050Z/minimal.pcap	beside	554	0	0	0	0	0	10 14
healthcheck-pqc-20260917T201050Z/pqc.pcap	beside	18	0	0	0	0	0	10 14
healthcheck-pqc-20260919T193753Z/minimal.pcap	beside	554	0	0	0	0	0	10 14
healthcheck-pqc-20260919T193753Z/pqc.pcap	beside	18	0	0	0	0	0	10 14
healthcheck-pqc-dts-20260914T141152Z/minimal.pcap	beside	554	0	0	0	0	0	10 14
healthcheck-pqc-dts-20260914T141152Z/pqc.pcap	beside	10	0	0	0	0	0	10 14
w10-validator-20260919T184429Z/caps-default.pcap	w10-validator-20260919T184429Z__caps-default.decode.txt	1570	53	0	0	0	0	10 11 12 13 14 15
w10-validator-20260919T184429Z/caps-no-mut-auth.pcap	w10-validator-20260919T184429Z__caps-no-mut-auth.decode.txt	1982	73	4	194	0	0	10 11 12 13 14 15
w10-validator-20260919T184429Z/proxy-flip-sig.pcap	w10-validator-20260919T184429Z__proxy-flip-sig.decode.txt	1532	53	0	0	0	0	10 11 12 13 14 15
w10-validator-20260919T184429Z/proxy-inert.pcap	w10-validator-20260919T184429Z__proxy-inert.decode.txt	1570	53	0	0	0	0	10 11 12 13 14 15
w2-baseline-20260816T172221Z/classical-stable.pcap	beside	566	0	0	0	0	0	10 13
w2-baseline-20260816T172221Z/classical.pcap	beside	554	0	0	0	0	0	10 14
w2-baseline-20260816T172221Z/pqc.pcap	beside	18	0	0	0	0	0	10 14
w2-baseline-20260816T172221Z/single-algo.pcap	beside	30	0	0	0	0	0	10 14
w2-baseline-20260816T172221Z/walkthrough.pcap	beside	30	0	0	0	0	0	10 14
w2-baseline-20260828T110130Z/classical-stable.pcap	beside	566	0	0	0	0	0	10 13
w2-baseline-20260828T110130Z/classical.pcap	beside	554	0	0	0	0	0	10 14
w2-baseline-20260828T110130Z/pqc.pcap	beside	18	0	0	0	0	0	10 14
w2-baseline-20260828T110130Z/single-algo.pcap	beside	30	0	0	0	0	0	10 14
w2-baseline-20260828T110130Z/walkthrough.pcap	beside	30	0	0	0	0	0	10 14
w3-baseline-20260831T143123Z/classical-stable.pcap	beside	566	0	0	0	0	0	10 13
w3-baseline-20260831T143123Z/classical.pcap	beside	554	0	0	0	0	0	10 14
w3-baseline-20260831T143123Z/pqc.pcap	beside	18	0	0	0	0	0	10 14
w3-baseline-20260831T143123Z/sample-1slot.pcap	beside	30	0	0	0	0	0	10 14
w3-baseline-20260831T143123Z/selfsigned.pcap	beside	30	0	0	0	0	0	10 14
w3-baseline-20260831T143123Z/single-algo.pcap	beside	30	0	0	0	0	0	10 14
w3-baseline-20260831T143123Z/walkthrough.pcap	beside	30	0	0	0	0	0	10 14
w4-baseline-20260901T054208Z/classical-stable.pcap	beside	566	0	0	0	0	0	10 13
w4-baseline-20260901T054208Z/classical.pcap	beside	554	0	0	0	0	0	10 14
w4-baseline-20260901T054208Z/pqc.pcap	beside	18	0	0	0	0	0	10 14
w4-baseline-20260901T054208Z/sample-1slot.pcap	beside	30	0	0	0	0	0	10 14
w4-baseline-20260901T054208Z/selfsigned.pcap	beside	30	0	0	0	0	0	10 14
w4-baseline-20260901T054208Z/single-algo.pcap	beside	30	0	0	0	0	0	10 14
w4-baseline-20260901T054208Z/walkthrough.pcap	beside	30	0	0	0	0	0	10 14
w4-tamper-20260901T054403Z/svn5.pcap	beside	30	0	0	0	0	0	10 14
w4-tamper-20260901T054403Z/svn9.pcap	beside	30	0	0	0	0	0	10 14
w4-tamper-20260901T054403Z/t0_clean.pcap	beside	30	0	0	0	0	0	10 14
w4-tamper-20260901T054403Z/t0_none.pcap	beside	30	0	0	0	0	0	10 14
w4-tamper-20260901T054403Z/t1_meas.pcap	beside	30	0	0	0	0	0	10 14
w4-tamper-20260901T054403Z/t3_cert.pcap	beside	10	0	0	0	0	0	10 14
w4-tamper-20260901T054403Z/t3b_foreign.pcap	beside	30	0	0	0	0	0	10 14
w5-tamper-20260910T092621Z/svn5.pcap	beside	30	0	0	0	0	0	10 14
w5-tamper-20260910T092621Z/svn9.pcap	beside	30	0	0	0	0	0	10 14
w5-tamper-20260910T092621Z/t0_clean.pcap	beside	30	0	0	0	0	0	10 14
w5-tamper-20260910T092621Z/t0_none.pcap	beside	30	0	0	0	0	0	10 14
w5-tamper-20260910T092621Z/t0_proxy.pcap	beside	30	0	0	0	0	0	10 14
w5-tamper-20260910T092621Z/t1_meas.pcap	beside	30	0	0	0	0	0	10 14
w5-tamper-20260910T092621Z/t2a_record.pcap	beside	30	0	0	0	0	0	10 14
w5-tamper-20260910T092621Z/t2b_sig.pcap	beside	30	0	0	0	0	0	10 14
w5-tamper-20260910T092621Z/t3_cert.pcap	beside	10	0	0	0	0	0	10 14
w5-tamper-20260910T092621Z/t3b_foreign.pcap	beside	30	0	0	0	0	0	10 14
w7-pqc-ab-20260914T073732Z/A0-all.pcap	beside	22	0	0	0	0	0	10 14
w7-pqc-ab-20260914T073732Z/A0-obo.pcap	beside	546	0	0	0	0	0	10 14
w7-pqc-ab-20260914T073732Z/P2-all.pcap	beside	18	0	0	0	0	0	10 14
w7-pqc-ab-20260914T073732Z/P2-obo.pcap	beside	18	0	0	0	0	0	10 14
w8-dts-sweep-20260914T132232Z/A0-dts1024.pcap	beside	22	0	0	0	0	0	10 14
w8-dts-sweep-20260914T132232Z/A0-dts16384.pcap	beside	22	0	0	0	0	0	10 14
w8-dts-sweep-20260914T132232Z/A0-dts2048.pcap	beside	22	0	0	0	0	0	10 14
w8-dts-sweep-20260914T132232Z/A0-dts32768.pcap	beside	22	0	0	0	0	0	10 14
w8-dts-sweep-20260914T132232Z/A0-dts4608.pcap	beside	22	0	0	0	0	0	10 14
w8-dts-sweep-20260914T132232Z/A0-dts8192.pcap	beside	22	0	0	0	0	0	10 14
w8-dts-sweep-20260914T132232Z/P2-dts1024.pcap	beside	10	0	0	0	0	0	10 14
w8-dts-sweep-20260914T132232Z/P2-dts16384.pcap	beside	10	0	0	0	0	0	10 14
w8-dts-sweep-20260914T132232Z/P2-dts2048.pcap	beside	10	0	0	0	0	0	10 14
w8-dts-sweep-20260914T132232Z/P2-dts32768.pcap	beside	10	0	0	0	0	0	10 14
w8-dts-sweep-20260914T132232Z/P2-dts4608.pcap	beside	10	0	0	0	0	0	10 14
w8-dts-sweep-20260914T132232Z/P2-dts8192.pcap	beside	10	0	0	0	0	0	10 14
w8-dts-sweep-20260914T133120Z/A0-dts1024.pcap	beside	34	0	0	0	0	0	10 14
w8-dts-sweep-20260914T133120Z/A0-dts16384.pcap	beside	22	0	0	0	0	0	10 14
w8-dts-sweep-20260914T133120Z/A0-dts2048.pcap	beside	22	0	0	0	0	0	10 14
w8-dts-sweep-20260914T133120Z/A0-dts32768.pcap	beside	22	0	0	0	0	0	10 14
w8-dts-sweep-20260914T133120Z/A0-dts4608.pcap	beside	22	0	0	0	0	0	10 14
w8-dts-sweep-20260914T133120Z/A0-dts8192.pcap	beside	22	0	0	0	0	0	10 14
w8-dts-sweep-20260914T133120Z/P2-dts1024.pcap	beside	44	0	0	0	0	0	10 14
w8-dts-sweep-20260914T133120Z/P2-dts16384.pcap	beside	14	0	0	0	0	0	10 14
w8-dts-sweep-20260914T133120Z/P2-dts2048.pcap	beside	28	0	0	0	0	0	10 14
w8-dts-sweep-20260914T133120Z/P2-dts32768.pcap	beside	10	0	0	0	0	0	10 14
w8-dts-sweep-20260914T133120Z/P2-dts4608.pcap	beside	18	0	0	0	0	0	10 14
w8-dts-sweep-20260914T133120Z/P2-dts8192.pcap	beside	16	0	0	0	0	0	10 14
w8-pqc-matrix-20260914T131557Z/A0-all.pcap	beside	22	0	0	0	0	0	10 14
w8-pqc-matrix-20260914T131557Z/A0-nochunk.pcap	beside	22	0	0	0	0	0	10 14
w8-pqc-matrix-20260914T131557Z/A0-obo.pcap	beside	546	0	0	0	0	0	10 14
w8-pqc-matrix-20260914T131557Z/A0-vca.pcap	beside	6	0	0	0	0	0	10 14
w8-pqc-matrix-20260914T131557Z/A1-all.pcap	beside	22	0	0	0	0	0	10 14
w8-pqc-matrix-20260914T131557Z/A1-obo.pcap	beside	546	0	0	0	0	0	10 14
w8-pqc-matrix-20260914T131557Z/A1-vca.pcap	beside	6	0	0	0	0	0	10 14
w8-pqc-matrix-20260914T131557Z/P1-all.pcap	beside	16	0	0	0	0	0	10 14
w8-pqc-matrix-20260914T131557Z/P1-obo.pcap	beside	16	0	0	0	0	0	10 14
w8-pqc-matrix-20260914T131557Z/P1-vca.pcap	beside	6	0	0	0	0	0	10 14
w8-pqc-matrix-20260914T131557Z/P2-all.pcap	beside	18	0	0	0	0	0	10 14
w8-pqc-matrix-20260914T131557Z/P2-nochunk.pcap	beside	10	0	0	0	0	0	10 14
w8-pqc-matrix-20260914T131557Z/P2-obo.pcap	beside	18	0	0	0	0	0	10 14
w8-pqc-matrix-20260914T131557Z/P2-vca.pcap	beside	6	0	0	0	0	0	10 14
w8-pqc-matrix-20260914T131557Z/P3-all.pcap	beside	22	0	0	0	0	0	10 14
w8-pqc-matrix-20260914T131557Z/P3-obo.pcap	beside	22	0	0	0	0	0	10 14
w8-pqc-matrix-20260914T131557Z/P3-vca.pcap	beside	6	0	0	0	0	0	10 14
w8-pqc-matrix-20260914T131557Z/S1-all.pcap	beside	22	0	0	0	0	0	10 14
w8-pqc-matrix-20260914T131557Z/S1-obo.pcap	beside	22	0	0	0	0	0	10 14
w8-pqc-matrix-20260914T131557Z/S1-vca.pcap	beside	6	0	0	0	0	0	10 14
w9-afmctp-20260917T191731Z/A0.link.pcap	unreadable	0						
w9-afmctp-20260917T191731Z/A0.pcap	beside	22	0	0	0	0	0	10 14
w9-afmctp-20260917T191731Z/P2.link.pcap	unreadable	0						
w9-afmctp-20260917T191731Z/P2.pcap	beside	18	0	0	0	0	0	10 14
w9-afmctp-20260917T191731Z/replay.link.pcap	unreadable	0						
w9-afmctp-20260917T193803Z/A0.link.pcap	unreadable	0						
w9-afmctp-20260917T193803Z/A0.pcap	beside	22	0	0	0	0	0	10 14
w9-afmctp-20260917T193803Z/P2.link.pcap	unreadable	0						
w9-afmctp-20260917T193803Z/P2.pcap	beside	18	0	0	0	0	0	10 14
w9-afmctp-20260917T193803Z/replay.link.pcap	unreadable	0						
w9-afmctp-20260917T194002Z/A0.link.pcap	unreadable	0						
w9-afmctp-20260917T194002Z/A0.pcap	beside	22	0	0	0	0	0	10 14
w9-afmctp-20260917T194002Z/P2.link.pcap	unreadable	0						
w9-afmctp-20260917T194002Z/P2.pcap	beside	18	0	0	0	0	0	10 14
w9-afmctp-20260917T194002Z/replay.link.pcap	unreadable	0						
w9-afmctp-20260917T194210Z/A0.link.pcap	unreadable	0						
w9-afmctp-20260917T194210Z/A0.pcap	beside	22	0	0	0	0	0	10 14
w9-afmctp-20260917T194210Z/P2.link.pcap	unreadable	0						
w9-afmctp-20260917T194210Z/P2.pcap	beside	18	0	0	0	0	0	10 14
w9-afmctp-20260917T194210Z/replay.link.pcap	unreadable	0						
w9-afmctp-smoke-20260917T191518Z/A0.link.pcap	unreadable	0						
w9-afmctp-smoke-20260917T191518Z/A0.pcap	beside	22	0	0	0	0	0	10 14
w9-afmctp-smoke-20260917T191518Z/replay.link.pcap	unreadable	0						
